站號,站名,城市,地址
466850,五分山雷達站,新北市,瑞芳區靜安路四段1巷1號
466881,新北,新北市,新店區莒光路29號
466900,淡水,新北市,淡水區中正東路42巷6號
466910,鞍部,臺北市,北投區陽明山竹子湖路111號
466920,臺北,臺北市,中正區公園路64號
466930,竹子湖,臺北市,北投區陽明山竹子湖路2號
466940,基隆,基隆市,仁愛區港西街6號6樓(海港大樓6樓)
466950,彭佳嶼,基隆市,中正區彭佳嶼
466990,花蓮,花蓮縣,花蓮市花崗街24號
467050,新屋,桃園市,新屋區東興路二段946號
467080,宜蘭,宜蘭縣,宜蘭市力行路150號
467110,金門,金門縣,金城鎮金水里西海路一段250號
467270,田中,彰化縣,田中鎮中潭里4鄰高鐵三路1段167號
467300,東吉島,澎湖縣,望安鄉東吉村156號
467350,澎湖,澎湖縣,馬公市新興路2號
467410,臺南,臺南市,中西區公園路21號
467420,永康,臺南市,永康區鹽行里正南五街520巷88號
467441,高雄,高雄市,楠梓區德民路28號
467480,嘉義,嘉義市,西區北新里海口寮路56號
467490,臺中,臺中市,北區精武路295號
467530,阿里山,嘉義縣,阿里山鄉中正村4鄰東阿里山73-1號
467540,大武,臺東縣,大武鄉大武街115號
467550,玉山,南投縣,信義鄉玉山北峰1號
467571,新竹,新竹縣,竹北市北崙里3鄰光明五街60號
467590,恆春,屏東縣,恆春鎮天文路50號
467610,成功,臺東縣,成功鎮公民路84號
467620,蘭嶼,臺東縣,蘭嶼鄉紅頭村2號
467650,日月潭,南投縣,魚池鄉水社村中山路270巷14號
467660,臺東,臺東縣,臺東市大同路106號
467790,墾丁雷達站,屏東縣,恆春鎮燈塔路51巷33號
467990,馬祖,連江縣,南竿鄉四維村6鄰88號
C0A520,山佳,新北市,樹林區中山路3段5號(山佳國民小學校園內)
C0A530,坪林,新北市,坪林區
C0A540,四堵,新北市,坪林區碧湖(北宜路旁之碧湖橋道路上行約10分鐘)
C0A550,泰平,新北市,雙溪區泰平里8鄰大平路43號(泰平國小分校附近)
C0A560,福山,新北市,烏來區福山里李茂岸八號(福山國小旁)
C0A570,桶後,新北市,烏來區后桶街49號孝義里5-6k處路旁
C0A640,石碇,新北市,石碇區湳窟34號附近
C0A650,火燒寮,新北市,平溪區東勢里
C0A660,瑞芳,新北市,瑞芳區22403龍山里逢甲路360號(義方國民小學校園內)
C0A770,科教館,臺北市,士林區士商路189號（士林科教館樓頂）
C0A860,大坪,新北市,萬里區溪底里香員林6-3號
C0A870,五指山,新北市,汐止區國軍示範公墓旁之復興廣播電台門口外
C0A880,福隆,新北市,貢寮區東北角海岸國家風景管理處之福隆遊客中心後方
C0A890,雙溪,新北市,雙溪區雙溪里社區活動中心旁花圃內
C0A920,富貴角,新北市,石門區山溪里10鄰九芎林13號旁(石門國小山溪分班附近)
C0A931,三和,新北市,金山區三和國小兩湖分校
C0A940,金山,新北市,金山區中興段404地號(磺港社區活動中心內)
C0A950,鼻頭角,新北市,瑞芳區鼻頭角燈塔旁
C0A970,三貂角,新北市,貢寮區三貂角燈塔旁
C0A980,社子,臺北市,士林區延平北路九段212號(臺北海洋科技大學內)
C0A9C0,天母,臺北市,士林區天母東路116號(三玉國小內)
C0A9F0,內湖,臺北市,內湖區內湖路一段520號(內湖高工內)
C0AC40,大屯山,臺北市,北投區湖田段461-6地號(民航局大屯山助航臺)
C0AC60,三峽,新北市,三峽區復興路238號(三峽國中校園內)
C0AC70,信義,臺北市,信義區市府路1號(台北市政府頂樓)
C0AC80,文山,臺北市,文山區木柵路4段159巷14-1號(博嘉國小校園內)
C0ACA0,新莊,新北市,新莊區中和街193號(榮富國小校園內)
C0AD00,三芝,新北市,三芝區育英路22號(三芝國小內)
C0AD10,八里,新北市,八里區中山路二段338號(八里國小內)
C0AD30,蘆洲,新北市,蘆洲區三民路96號(三民高中內)
C0AD40,土城,新北市,土城區金城路一段90號(新北市政府消防局土城分隊大樓樓頂)
C0AD50,鶯歌,新北市,鶯歌區尖山埔路106號(鶯歌國小內)
C0AG80,中和,新北市,中和區錦和路163號(錦和高中內)
C0AH00,汐止,新北市,汐止區大同路二段394號(汐止國中)
C0AH10,永和,新北市,永和區永平路205號(永平高中校園內)
C0AH30,五分山,新北市,瑞芳區靜安路四段1巷1號
C0AH40,平等,臺北市,士林區平菁街101號(平等國小)
C0AH50,林口,新北市,林口區仁愛路二段173號(林口高中內)
C0AH70,松山,臺北市,松山區敦化北路1號(臺北市松山運動中心)
C0AH80,深坑,新北市,深坑區文山路1段35號(深坑消防分隊樓頂)
C0AH90,福山植物園,新北市,烏來區福山植物園內(生活植物區之民俗植物區觀測坪)
C0AI00,五股,新北市,五股區外寮路12號
C0AI10,屈尺,新北市,新店區屈尺路83號(衛福部北區老人之家)
C0AI20,白沙灣,新北市,石門區德茂里下員坑33-6號（白沙灣遊客中心樓頂）
C0AI30,三重,新北市,三重區環河南路100號
C0AI40,石牌,臺北市,北投區石牌路一段139號(石牌國中自強樓頂樓)
C0AJ20,野柳,新北市,萬里區野柳村151-1號(野柳守望哨雷達塔)
C0AJ30,淡水觀海,新北市,淡水區觀海路251號(淡水第2海巡隊樓頂)
C0AJ40,石門,新北市,石門區草里里草埔尾5號(黃金海岸高爾夫球場)
C0AJ50,水湳洞,新北市,瑞芳區水湳洞段00197-000建號(水湳洞犬區隊)
C0AJ60,六塊厝,新北市,淡水區
C0AJ70,田寮,新北市,三芝區古庄里83之1號
C0AJ80,板橋,新北市,板橋區僑中一街1號
C0AJ90,澳底,新北市,貢寮區真理里延平街10號(澳底國小)
C0B010,七堵,基隆市,七堵區東新街22號(基隆商工樓頂)
C0B020,基隆嶼,基隆市,中正區基隆嶼
C0B040,大武崙,基隆市,安樂區武聖街144弄50號(大武崙安檢所樓頂)
C0B050,八斗子,基隆市,中正區漁港1街9號(八斗子安檢所樓頂)
C0B060,暖暖,基隆市,暖暖區東碇路15號（暖暖運動公園內）
C0C460,復興,桃園市,復興區澤仁里中正路248號(介壽國民中學校園內)
C0C480,桃園,桃園市,桃園區成功路二段144號(桃園高級農工職業學校校園內)
C0C490,八德,桃園市,八德區興仁里中山路94號(八德國民小學校園內)
C0C590,觀音,桃園市,觀音區廣福里10-42號(逸福農場)
C0C620,蘆竹,桃園市,蘆竹區坑口里14鄰旁
C0C630,大溪,桃園市,大溪區員林路2段450號(員樹林國小校園內)
C0C650,平鎮,桃園市,平鎮區中豐路山頂段375巷45號(山豐國民小學校園內)
C0C660,楊梅,桃園市,楊梅區金華街100號(楊心國小)
C0C670,龍潭,桃園市,龍潭區中興路726號（龍潭消防分隊）
C0C680,龜山,桃園市,龜山區文化一路250號(國立體育大學田徑場)
C0C700,中壢,桃園市,中壢區成章四街120號(內壢高中樓頂)
C0C710,大溪永福,桃園市,大溪區信義路1165號（永福國小）
C0C720,竹圍,桃園市,大園區沙崙段沙崙小號00719-000建號(竹圍第一機動巡邏隊樓頂)
C0C730,中大臨海站,桃園市,新屋區蚵殼港段深圳小段52-41號土地(中央大學臨海工作站)
C0C740,觀音工業區,桃園市,觀音區經建七路5號(觀音工業區汙水處理廠迴流汙泥站機房樓頂)
C0C750,新興坑尾,桃園市,觀音區文化路石橋段453號
C0D360,梅花,新竹縣,尖石鄉梅花村1鄰11號(梅花國小校園內)
C0D430,峨眉,新竹縣,峨眉鄉31541峨眉村峨眉街54號(峨眉國中校園內)
C0D480,打鐵坑,新竹縣,新埔鎮新北里8鄰大北坑28號旁
C0D540,橫山,新竹縣,橫山鄉橫山村橫山段426-6地號上
C0D550,雪霸,新竹縣,五峰鄉桃山村民石380號(雪霸農場內)
C0D560,竹東,新竹縣,竹東鎮二重國民小學校園內
C0D580,寶山,新竹縣,寶山鄉新湖路280號旁
C0D590,新豐,新竹縣,新豐鄉松柏村康和路199號(小叮噹科學主題樂園)
C0D650,湖口,新竹縣,湖口鄉信勢村三鄰成功路109號(湖口消防分隊)
C0D660,新竹市東區,新竹市,東區光復路二段321號（工研院光復院區6館）
C0D670,海天一線,新竹市,北區(海天一線看海公園)
C0D680,香山濕地,新竹市,香山區西濱路三段500巷17號
C0D690,外湖,新竹縣,新豐鄉新豐段00369-000建號(外湖守望哨樓頂)
C0D700,關西,新竹縣,新竹縣關西鎮北斗里北門口41號(關西國中校園內)
C0E420,竹南,苗栗縣,竹南鎮大埔里仁愛路1092號(竹南鎮大埔國民小學內)
C0E430,南庄,苗栗縣,南庄鄉東村文化路3號(南庄國小校園內)
C0E550,明德,苗栗縣,頭屋鄉明德水庫水利工作站屋頂上
C0E590,通霄,苗栗縣,通霄鎮城北里1鄰13號(通霄鎮城中國民小學內)
C0E610,馬都安,苗栗縣,泰安鄉錦水村(由泰安開車約2小時瞭望台旁)
C0E730,頭份,苗栗縣,頭份市中正路219號(苗栗縣頭份鎮頭份國小校園內)
C0E740,造橋,苗栗縣,造橋鄉造橋村14鄰3號(造橋國小)
C0E750,苗栗,苗栗縣,苗栗市中正路241號(建功國小)
C0E780,銅鑼,苗栗縣,銅鑼鄉福興村文化街1號(銅鑼國小)
C0E791,卓蘭,苗栗縣,卓蘭鎮中山路125-1號(卓蘭鎮圖書館樓頂)
C0E810,西湖,苗栗縣,西湖鄉二湖村2鄰22號(僑文國小)
C0E820,獅潭,苗栗縣,獅潭鄉新店村11鄰103-2號(獅潭鄉公所圖書館樓頂)
C0E830,苑裡,苗栗縣,苑裡鎮信義路1號(苑裡鎮公所)
C0E850,大河,苗栗縣,三灣鄉大河村48號(大河派出所)
C0E870,高鐵苗栗,苗栗縣,後龍鎮高鐵三路268號(高鐵苗栗站外)
C0E910,海埔,苗栗縣,後龍鎮海埔125之15號(外埔安檢所樓頂)
C0E920,通霄漁港,苗栗縣,通霄鎮漁港路69號(通霄安檢所樓頂)
C0E930,龍鳳,苗栗縣,竹南鎮龍鳳里龍江街359巷5號(龍鳳安檢所樓頂)
C0F0A0,雪山圈谷,臺中市,和平區(往雪山主峰路上9.8公里處右邊)
C0F0B0,石岡,臺中市,石岡區石岡街6號 (臺中市石岡區衛生所)
C0F0C0,中坑,臺中市,和平區中坑里中坑段39地號內
C0F0D0,審馬陣,臺中市,和平區南湖大山指標16.2K處(審馬陣山附近)
C0F0E0,南湖圈谷,臺中市,和平區南湖大山指標20K處(南湖主峰東峰岔路附近)
C0F850,東勢,臺中市,東勢區東關路647號(東勢林區管理處雙崎工作站內)
C0F861,梨山,臺中市,和平區梨山里福壽路29號（福壽山農場）
C0F970,大坑,臺中市,北屯區軍福十三路268號(東山消防分隊)
C0F9I0,神岡,臺中市,神岡區三民路639號(圳堵國小校園南側大樓屋頂平台)
C0F9K0,大安,臺中市,大安區中庄里中山南路296號(大安國小)
C0F9L0,后里,臺中市,后里區甲后路110號(后里國小)
C0F9M0,豐原,臺中市,豐原區豐榮里12鄰新生北路155號(豐原國小)
C0F9N0,大里,臺中市,大里區文化街120號(塗城國小)
C0F9O0,潭子,臺中市,潭子區中山路二段435號(潭子國小)
C0F9P0,清水,臺中市,清水區護岸路37號(高美國小)
C0F9Q0,外埔,臺中市,外埔區土城里土城西路55號(安定國小)
C0F9R0,龍井,臺中市,龍井區西里龍門路51號(龍井國小)
C0F9S0,烏日,臺中市,烏日區中山路二段196號(烏日國小)
C0F9T0,西屯,臺中市,西屯區西屯路二段300號(西屯國小)
C0F9U0,南屯,臺中市,南屯區黎明路一段968號(南屯國小)
C0F9V0,新社,臺中市,新社區大南里興中街46號(農委會種苗改良繁殖場)
C0F9X0,大雅(中科園區),臺中市,大雅區中部科學工業園區臺中園區(汙水處理機房樓頂)
C0F9Y0,桃山,臺中市,和平區(位於往桃山山屋叉路解說牌附近)
C0F9Z0,雪山東峰,臺中市,和平區(位於雪山東峰直升機停機坪東南東方60公尺處)
C0FA10,松柏,臺中市,大甲區順帆路233號(松柏安檢所樓頂)
C0FA20,溫寮,臺中市,大安區中山北路1巷67號(臺中大安區里民活動中心樓頂)
C0FA30,梧棲,臺中市,梧棲區臺灣大道十段2號海港大樓6樓
C0FA40,臺中電廠,臺中市,龍井區龍昌路1號
C0FA50,霧峰,臺中市,霧峰區新生路192號(921地震教育園區內)
C0G620,芬園,彰化縣,芬園鄉楓坑村大埔崙產業道路上(芬園往臺灣民俗村路上)
C0G650,員林,彰化縣,員林市萬年里明倫路2號(明倫國中內)
C0G660,溪湖,彰化縣,溪湖鎮大竹里彰水路2段725號(湖南國民小學內)
C0G720,溪州,彰化縣,溪州鄉溪下路四段560號(溪州鄉公所)
C0G730,二林,彰化縣,二林鎮仁愛路200號(二林消防分隊)
C0G740,大城,彰化縣,大城鄉東城村中平路185號(大城鄉公所)
C0G770,福興,彰化縣,福興鄉員鹿路二段270號(福興國中)
C0G780,秀水,彰化縣,秀水鄉安東村中山路257號(秀水國小)
C0G800,埔鹽,彰化縣,埔鹽鄉永樂村永樂路600號(永樂國小)
C0G810,埔心,彰化縣,埔心鄉舊館村員鹿路四段201號(舊館國小)
C0G820,田尾,彰化縣,田尾鄉中正路二段101號(仁豐國小)
C0G830,埤頭,彰化縣,埤頭鄉大湖村大湖路260號(大湖國小)
C0G860,社頭,彰化縣,社頭鄉社斗路一段258號(社頭國小)
C0G880,二水,彰化縣,二水鄉文化村119號(二水國小)
C0G890,伸港,彰化縣,伸港鄉新港村和平路60號(新港國小)
C0G900,線西,彰化縣,線西鄉慶福路300號（彰濱工業區線西服務大樓內)
C0G910,花壇,彰化縣,彰化縣花壇鄉彰員路2段580號（花壇國中內）
C0G920,永靖,彰化縣,永靖鄉瑚璉路230號（永靖鄉公所樓頂）
C0G940,竹塘,彰化縣,竹塘鄉東陽路二段123號（長安國小校園內）
C0G950,防潮門,彰化縣,伸港鄉全興村西全路167巷111之1號
C0G960,福寶,彰化縣,福興鄉
C0G970,三豐,彰化縣,大城鄉三豐村和平路30之1號
C0H890,埔里,南投縣,埔里鎮大城里大城路169號(南投縣立大成國民中學內)
C0H960,草屯,南投縣,草屯鎮中山里草鞋墩1街8號(草屯鎮公所樓頂)
C0H990,昆陽,南投縣,仁愛鄉昆陽警察局後方下坡處(太魯閣國家公園)石碑後20公尺
C0H9A0,神木村,南投縣,信義鄉神木村神木工作分站後方山坡上(對高岳營林區29林班地444號土地)
C0H9C0,合歡山,南投縣,仁愛鄉(近合歡山三角點，由松雪樓開車約15分鐘，大甲溪事業區第81林班)
C0I010,廬山,南投縣,仁愛鄉精英村富貴路67號前方200公尺(廬山電力公司瞭望台)
C0I080,信義,南投縣,信義鄉自強村綠美巷(內茅埔營林區23林班地)
C0I110,竹山,南投縣,竹山鎮延和里向學街32號(竹山國民小學內)
C0I360,水里,南投縣,水里鄉中山路一段515號(玉山國家公園管理處)
C0I370,魚池,南投縣,魚池鄉東池村魚池街194號(魚池鄉衛生所)
C0I380,集集,南投縣,集集鎮民生東路1號(農委會特有生物研究保育中心)
C0I390,仁愛,南投縣,仁愛鄉仁和路50號(台電公司仁愛服務所)
C0I410,名間,南投縣,名間鄉董門巷2號(名間鄉立體停車場)
C0I420,國姓,南投縣,國姓鄉民族街40號(國姓鄉老人文康活動中心)
C0I460,南投,南投縣,南投市龍泉里玉井街5號(南投市公所樓頂)
C0I480,梅峰,南投縣,仁愛鄉大同村仁和路215號(梅峰農場)
C0I490,萬大林道,南投縣,仁愛鄉曲冰段(萬大林道約7.2k附近高地)
C0I520,玉山風口,南投縣,信義鄉(玉山主峰往北峰叉路空地附近)
C0I530,小奇萊,南投縣,仁愛鄉小奇萊步道指標1.5K處附近
C0I540,奇萊稜線,南投縣,仁愛鄉奇萊連峰指標6.4K處(奇萊山屋附近)
C0K250,崙背,雲林縣,崙背鄉阿勸村阿勸農場(阿勸段487號)
C0K280,四湖,雲林縣,四湖鄉湖西村中正路766號(四湖國民中學內)
C0K291,宜梧,雲林縣,口湖鄉湖口村170號央廣口湖分台內(憲兵排樓頂)
C0K330,虎尾,雲林縣,虎尾鎮林森路一段64號(中正國民小學內)
C0K390,土庫,雲林縣,土庫鎮建國路41號(土庫消防分隊)
C0K400,斗六,雲林縣,斗六市鎮北路345-1號(斗六消防分隊)
C0K410,北港,雲林縣,北港鎮大同路565號(北港消防分隊)
C0K420,西螺,雲林縣,西螺鎮公正路211號(西螺消防分隊)
C0K430,褒忠,雲林縣,褒忠鄉中正路451號(褒忠鄉公所)
C0K440,二崙,雲林縣,二崙鄉中正路80號(二崙消防分隊)
C0K450,大埤,雲林縣,大埤鄉中山路8號(大埤鄉公所)
C0K460,斗南,雲林縣,斗南鎮延平路二段266號(斗南鎮停一立體停車場)
C0K470,林內,雲林縣,林內鄉中正路685號(林內消防分隊)
C0K480,莿桐,雲林縣,莿桐鄉和平路53號(莿桐鄉公所)
C0K500,元長,雲林縣,元長鄉長南村仁愛街2號(元長鄉公所)
C0K510,水林,雲林縣,水林鄉水北村水林路12號(水林鄉公所)
C0K530,臺西,雲林縣,台西鄉中山路110巷38號(臺西消防分隊)
C0K550,蔦松,雲林縣,水林鄉松中村蔦松路213號(蔦松國小)
C0K560,棋山,雲林縣,古坑鄉棋盤村棋山49號(棋山國小)
C0K580,高鐵雲林,雲林縣,虎尾鎮站前東路301號(高鐵雲林站外)
C0K590,雲林東勢,雲林縣,東勢鄉東榮路29巷1號(東勢鄉圖書館樓頂)
C0K600,箔子寮,雲林縣,口湖鄉漁港路370號
C0M520,東後寮,嘉義縣,義竹鄉東光村7號(台糖東後寮農場)
C0M530,奮起湖,嘉義縣,竹崎鄉阿里山事業區148林班地(中興苗圃內)
C0M640,中埔,嘉義縣,中埔鄉中埔村128號(中埔鄉公所)
C0M650,朴子,嘉義縣,朴子市竹村里36號(竹村國小)
C0M660,溪口,嘉義縣,溪口鄉中正東路103號(溪口國中學生活動中心)
C0M670,大林,嘉義縣,大林鎮新興街110號(大林地政事務所)
C0M680,太保,嘉義縣,太保市太保里31號(太保市圖書館)
C0M690,水上,嘉義縣,水上鄉三鎮村三鎮路119號(水上消防分隊)
C0M700,竹崎,嘉義縣,竹崎鄉竹崎村舊車站79號(竹崎消防分隊)
C0M710,東石,嘉義縣,東石鄉東石村3號(東石鄉公所)
C0M720,番路,嘉義縣,番路鄉下坑村蔡公店101號(番路鄉公所)
C0M730,嘉義市東區,嘉義市,親水路123 號(第五河川局水情中心)
C0M740,六腳,嘉義縣,六腳鄉蒜頭村73-2號(六腳消防分隊)
C0M750,布袋,嘉義縣,布袋鎮龍江里2-2號(布袋消防分隊)
C0M760,民雄,嘉義縣,民雄鄉文化路7號(民雄鄉公所)
C0M770,嘉義梅山,嘉義縣,梅山鄉中山路282號(梅山鄉公所)
C0M780,鹿草,嘉義縣,鹿草鄉西井村287號(鹿草鄉公所)
C0M790,新港,嘉義縣,新港鄉公園路28號(新港消防分隊)
C0M800,茶山,嘉義縣,阿里山鄉茶山路62號之1(茶山村衛生室)
C0M810,里佳,嘉義縣,阿里山鄉里佳村
C0M820,達邦,嘉義縣,阿里山鄉達邦村21號(鄒族自然與文化中心)
C0M850,表湖,嘉義縣,大埔鄉溪頭段1地號
C0M860,新美,嘉義縣,嘉義縣阿里山鄉新美村78號
C0M880,好美里,嘉義縣,布袋鎮好美里106號
C0N010,鯤鯓國小,臺南市,將軍區6號
C0N020,城西,臺南市,安南區城西街三段431號
C0N030,四草,臺南市,安南區
C0N040,蘆竹溝,臺南市,北門區蘆竹溝333之11號
C0N050,蚵寮,臺南市,北門區保吉里雙春里8鄰73-20號
C0O830,北寮,臺南市,南化區北寮里48-4號
C0O840,王爺宮,臺南市,六甲區王爺里24號（六甲國小湖東分校）
C0O860,大內,臺南市,大內區74201大內里63號(大內國民小學)
C0O900,善化,臺南市,善化區益民寮60號(亞洲蔬菜研究發展中心內)
C0O960,崎頂,臺南市,龍崎區中坑里5鄰13號
C0O970,虎頭埤,臺南市,新化區口埤18號(新化分場)
C0O980,新市,臺南市,新市區永就里53號(番子寮農場)
C0O990,媽廟,臺南市,歸仁區中正北路3段60號(保西國民小學內)
C0R100,尾寮山,屏東縣,三地門鄉口社檢查站車程約2小時(尾寮山瞭望台旁)
C0R130,阿禮,屏東縣,霧台鄉(屏東事業區第46林班)由山地文化村開車約2小時需徒步轉波站前面
C0R140,瑪家,屏東縣,瑪家鄉瑪家村4鄰24號(後山)
C0R150,三地門,屏東縣,內埔鄉水門村成功路83號(國立內埔高級農工職業學校內)
C0R160,鹽埔,屏東縣,屏東縣鹽埔鄉七份路21號(彭厝國小)
C0R170,屏東,屏東縣,屏東市復興路245號(台灣糖業公司屏東區處場區內)
C0R190,赤山,屏東縣,萬巒鄉建興路40號（赤山國小）
C0R220,潮州,屏東縣,潮州鎮光春路290號(屏東縣立光春國民中學內)
C0R240,來義,屏東縣,萬巒鄉新隆路64號萬巒農場（佳佐段180號）
C0R260,春日,屏東縣,春日鄉鄉公所資源回收場旁
C0R270,琉球嶼,屏東縣,琉球鄉天台段596及597地號
C0R280,檳榔,屏東縣,滿州鄉長樂村大公路14號(往南仁山方向)
C0R320,車城,屏東縣,車城鄉福興村中山路66號(車城國小)
C0R341,牡丹,屏東縣,199縣道23K-23.5K間車城往旭海方向之右側
C0R350,貓鼻頭,屏東縣,恆春鎮(貓鼻頭風景區內)
C0R440,大漢山,屏東縣,春日鄉大漢山頂
C0R470,高樹,屏東縣,高樹鄉興中路330號(高樹圖書館)
C0R480,長治,屏東縣,長治鄉德成村中興路572-1號(長治消防分隊)
C0R490,九如,屏東縣,九如鄉九如路二段416號(九如鄉公所)
C0R520,崁頂,屏東縣,崁頂鄉崁頂村興農路29-10號(崁頂消防分隊)
C0R540,佳冬,屏東縣,佳冬鄉佳昌路2號(佳冬鄉公所)
C0R550,新埤,屏東縣,新埤鄉民眾路103號(新埤消防分隊)
C0R560,新園,屏東縣,新園鄉仙吉村店口路116號(新園消防分隊)
C0R570,麟洛,屏東縣,麟洛鄉中山路158號(麟洛鄉公所)
C0R580,南州,屏東縣,南州鄉溪南村人和路241號(南州消防分隊)
C0R590,里港,屏東縣,里港鄉永春村中山路104號(里港鄉公所)
C0R600,舊泰武,屏東縣,泰武鄉泰武村良武巷101號(舊泰武村老人活動中心)
C0R620,墾雷,屏東縣,恆春鎮燈塔路51巷33號(氣象署墾丁雷達站區內)
C0R640,東港,屏東縣,東港鎮豐漁里豐漁街67號（水產試驗所東港生技研究中心）
C0R650,竹田,屏東縣,竹田鄉中正路123號(竹田鄉公所清潔隊)
C0R660,枋寮,屏東縣,枋寮鄉枋寮村德興路197號(枋寮國小)
C0R670,楓港,屏東縣,枋山鄉善餘村光復路24號(楓港國小)
C0R680,佳樂水,屏東縣,滿州鄉佳樂水風景區內
C0R690,墾丁,屏東縣,恆春鎮墾丁森林遊樂區林業試驗所觀測坪
C0R700,枋山,屏東縣,枋山鄉中山路三段52號(加祿國小)
C0R710,龍磐,屏東縣,屏東縣恆春助航台(NDB歸航台)
C0R720,旭海,屏東縣,牡丹鄉旭海大草原步道旁
C0R730,大坪頂,屏東縣,屏東縣恆春鎮大坪頂電信機房旁
C0R740,獅子,屏東縣,屏東縣獅子鄉楓林村2巷26號
C0R750,四林格山,屏東縣,屏東縣牡丹鄉四林格山遊樂區第2涼亭旁大草原
C0R760,南仁湖,屏東縣,屏東縣滿州鄉南仁湖步道4K山頂觀測站旁
C0R770,保力,屏東縣,屏東縣車城鄉保力村竹社路5號
C0R780,滿州,屏東縣,屏東縣滿州鄉文化路32號
C0R790,九棚,屏東縣,屏東縣牡丹鄉九棚中科院基地
C0R800,丹路,屏東縣,屏東縣獅子鄉丹路一巷1號
C0R810,內獅,屏東縣,獅子鄉內獅村1號(內獅國小)
C0R820,白鷺,屏東縣,屏東縣來義鄉白鷺大橋沿白鷺道路5.5公里處
C0R830,高士,屏東縣,屏東縣牡丹鄉高士社區進水廠水塔頂
C0R840,牡丹池山,屏東縣,屏東縣牡丹鄉牡丹池山山頂
C0R850,林邊,屏東縣,林邊鄉竹林村中興路122號
C0R860,鼻頭,屏東縣,滿州鄉九棚村
C0R870,興海,屏東縣,滿州鄉港口村13鄰興海路106號
C0R880,後壁湖,屏東縣,恆春鎮大光里9鄰大光路79之40號
C0R890,山海,屏東縣,恆春鎮山海里山海路2之1號
C0R900,竹坑,屏東縣,車城鄉海口村尖山46號
C0R910,下寮,屏東縣,枋寮鄉德聖路47號
C0R920,塭仔,屏東縣,佳冬鄉焰溫村炯興路51號
C0R930,萬丹,屏東縣,萬丹鄉和平西路149號（萬丹消防分隊樓頂）
C0R940,加祿堂,屏東縣,枋山鄉加祿村190之300號
C0S660,下馬,臺東縣,海端鄉廢棄下馬派出所旁
C0S690,太麻里,臺東縣,太麻里鄉(往金針山茶區之半路上)
C0S700,知本,臺東縣,卑南鄉溫泉村(溫泉國小之樂山分校內)
C0S710,鹿野,臺東縣,鹿野鄉鹿野高台高眺亭公廁東側草地上
C0S730,綠島,臺東縣,綠島鄉
C0S740,池上,臺東縣,池上鄉新興村104號(退輔會臺東農場內)
C0S750,向陽,臺東縣,海端鄉向陽(公路局向陽工務段圍牆內)
C0S760,紅石,臺東縣,海端鄉紅石(紅石瞭望臺旁)
C0S770,大溪山,臺東縣,太麻里鄉多良村(廢棄中華電信轉播站旁)
C0S790,金崙,臺東縣,太麻里鄉金崙段0304-1地號
C0S810,東河,臺東縣,東河鄉北東河17鄰26號(東河國民小學操場旁)
C0S830,長濱,臺東縣,長濱鄉竹湖村移民橋後方山頂三角點旁
C0S840,南田,臺東縣,達仁鄉南田村南田風景區公園對面
C0S890,關山,臺東縣,關山鎮親水公園內
C0S900,蘭嶼高中,臺東縣,蘭嶼鄉椰油村37號（蘭嶼高中內）
C0S910,蘭嶼燈塔,臺東縣,蘭嶼鄉椰油段1-7地號（蘭嶼燈塔旁）
C0S920,金峰嘉蘭,臺東縣,金峰鄉嘉蘭村12鄰665號(金峰鄉嘉蘭村活動中心)
C0S930,延平,臺東縣,臺東縣延平鄉昇平路75號(延平消防分隊)
C0S940,石寧山,臺東縣,長濱鄉寧埔村石寧山附近山區
C0S950,七塊厝,臺東縣,東河鄉尚德村七塊厝產業道路附近山區
C0S960,香蘭,臺東縣,太麻里鄉香蘭村四鄰28號 (香蘭國小)
C0S970,加津林,臺東縣,大武鄉大竹村14鄰加津林4號(舊高溪派出所)
C0S980,勝林山,臺東縣,達仁鄉勝林山山頂停機坪旁(與大武鄉交界附近)
C0S990,山豬窟,臺東縣,大武鄉南興村山豬窟產業道路附近山區(梅園涼亭旁)
C0SA00,歷坵,臺東縣,金峰鄉歷坵產業道路附近山區
C0SA10,檳榔四格山,臺東縣,卑南鄉檳榔四格山山頂瞭望臺旁
C0SA20,金崙山,臺東縣,太麻里鄉富山產業道路附近山區(與金峰鄉交界附近)
C0SA30,都歷,臺東縣,成功鎮新村路25號(東部海岸國家風景區管理處)
C0SA40,瑞和,臺東縣,鹿野鄉瑞和村瑞景路3段1號(瑞源國中)
C0SA60,知本（水試所）,臺東縣,臺東縣臺東市知本路2段291巷299號
C0SA80,土?,臺東縣,達仁鄉土?村1鄰10號(土?國民小學操場旁)
C0SA90,達仁林場,臺東縣,臺東縣達仁鄉臺東達五號農路4K處
C0T790,大禹嶺,花蓮縣,秀林鄉立霧溪事業區67林班地(救國團大禹山莊)
C0T820,天祥,花蓮縣,秀林鄉立霧溪事業區80林班地(天祥祥德寺)
C0T870,鯉魚潭,花蓮縣,壽豐鄉池南村池南路一段8號(鯉魚潭風景區旁)
C0T900,西林,花蓮縣,萬榮鄉西林路8鄰114號(西林國民小學運動場旁)
C0T960,光復,花蓮縣,光復鄉大進村糖廠街19號(台糖公司花蓮光復糖廠內)
C0T9A0,月眉山,花蓮縣,壽豐鄉月眉山旁的小山丘上(過米棧大橋往山上水璉方向至四號橋左轉之山上)
C0T9B0,水源,花蓮縣,秀林鄉原林務局水源段的苗圃內
C0T9D0,和中,花蓮縣,秀林鄉秀林村62號(和平國小和中分校校園內)
C0T9E0,大坑,花蓮縣,壽豐鄉10鄰山嶺80之1號(中華電信公司賀田山機房)旁
C0T9F0,水璉,花蓮縣,壽豐鄉水璉村
C0T9G0,鳳林山,花蓮縣,鳳林鎮
C0T9H0,加路蘭山,花蓮縣,豐濱鄉臨海段776-4號
C0T9I0,豐濱,花蓮縣,豐濱鄉豐濱村
C0T9M0,靜浦,花蓮縣,豐濱鄉靜浦村活動中心後山上
C0T9N0,富里,花蓮縣,富里鄉永安街52號(富里國小)
C0U520,雙連埤,宜蘭縣,員山鄉雙連埤地區(需徒步20分鐘)
C0U600,礁溪,宜蘭縣,礁溪鄉礁溪路四段23號(礁溪國民中學教室後宿舍旁)
C0U650,玉蘭,宜蘭縣,大同鄉松羅村鹿場路11號(往松羅山頂瞭望亭旁)
C0U710,太平山,宜蘭縣,大同鄉太平山93林班地(林務局路標22.3k處)
C0U720,南山,宜蘭縣,大同鄉南山村4鄰埤南巷31-3號(南山國民小學內)
C0U750,龜山島,宜蘭縣,頭城鎮龜山島山頂401高地觀景台
C0U760,東澳,宜蘭縣,南澳鄉東岳村蘇花路三段209號(東澳國小校園內)
C0U770,南澳,宜蘭縣,南澳鄉中央氣象署地震中心系統維護課之南澳地震站
C0U780,五結,宜蘭縣,五結鄉五結中路二段88號(五結國小)
C0U860,頭城,宜蘭縣,頭城鎮協天路468號(中華電信頭城海纜站內)
C0U870,大礁溪,宜蘭縣,礁溪鄉二結村一鄰9-1號(國立宜蘭大學實驗林場)
C0U880,北關,宜蘭縣,頭城鎮濱海路三段(北關梗枋漁港北側路邊)
C0U890,三星,宜蘭縣,三星鄉月眉街54號(三星國中)
C0U900,內城,宜蘭縣,員山鄉內城路545號(內城國民中小學)
C0U910,冬山,宜蘭縣,冬山鄉冬山路98-5號(冬山消防分隊)
C0U940,羅東,宜蘭縣,羅東鎮羅東運動公園南側(北成路二段停車場旁自行車道入口)
C0U950,鶯子嶺,宜蘭縣,頭城鎮鶯子嶺通信站區內
C0U960,翠峰湖,宜蘭縣,大同鄉太平山翠峰湖停車場木棧道旁
C0U970,大福,宜蘭縣,壯圍鄉大福路一段62巷26號(大福國小)
C0U980,坪林石牌,宜蘭縣,頭城鎮與新北市坪林區交界附近之國有林班地(位於坪林石牌附近山區)
C0U990,員山,宜蘭縣,員山鄉員山村復興路39號(員山國小)
C0UA00,土場,宜蘭縣,大同鄉土場
C0UA10,鴛鴦湖,宜蘭縣,大同鄉100線林道約15K(太平山事業區32林班內，鴛鴦湖工作站旁空地)
C0UA20,多加屯,宜蘭縣,大同鄉南湖大山指標8.4K處(多加屯避難山屋附近)
C0UA30,白嶺,宜蘭縣,大同鄉太平山白嶺苗圃內
C0UA40,西德山,宜蘭縣,南澳鄉安平坑林道(力霸產業道路)附近山區(南澳事業區28林班內)
C0UA50,西帽山,宜蘭縣,南澳鄉台泥大白山運石道附近山區(羅東事業區96林班內)
C0UA60,樟樹山,宜蘭縣,南澳鄉武塔村樟樹山附近山區
C0UA70,桃源谷,宜蘭縣,頭城鎮及新北市貢寮區交界之桃源谷附近空地
C0UA80,大溪漁港,宜蘭縣,頭城鎮大溪里濱海路5段492號(大溪安檢所樓頂)
C0UA90,石城,宜蘭縣,頭城鎮石城路85號(石城執檢站樓頂)
C0UB00,淡江大學蘭陽校園,宜蘭縣,礁溪鄉林尾路180號（淡江大學蘭陽校園內）
C0UB10,蘇澳,宜蘭縣,蘇澳鎮港區路1號6樓(蘇澳港行政大樓)
C0UB20,壯圍,宜蘭縣,壯圍鄉紅葉路69號
C0V210,復興,高雄市,桃源區復興里復興巷1鄰15號
C0V310,美濃,高雄市,美濃區福安里中山路二段204巷65號(美濃區福安國小後方)
C0V350,溪埔,高雄市,大樹區溪埔里之台29線近83K處
C0V360,內門,高雄市,內門區木柵里木柵3號（木柵國民小學）
C0V370,古亭坑,高雄市,田寮區古亭里
C0V400,阿公店,高雄市,燕巢區西燕里工程路1號（阿公店水庫內）
C0V440,鳳山,高雄市,鳳山區文山路園藝巷4號（鳳山熱帶園藝試驗分所）
C0V450,鳳森,高雄市,小港區水庫段96-1地號（鳳山給水廠內）
C0V490,新興,高雄市,新興區大同一路231號(大同國小內5樓頂)
C0V530,阿蓮,高雄市,阿蓮區阿蓮里民生路94號(阿蓮區公所)
C0V610,梓官,高雄市,梓官區梓官路258號(梓官區公所)
C0V620,永安,高雄市,永安區永安路32號(永安消防分隊)
C0V630,茄萣,高雄市,茄萣區濱海路四段27號(茄萣區公所)
C0V640,湖內,高雄市,湖內區中山路一段290之1號(湖街派出所)
C0V650,彌陀,高雄市,彌陀區中正北路7號(彌陀消防分隊)
C0V660,岡山,高雄市,岡山區岡山路341號(岡山地政事務所)
C0V680,仁武,高雄市,仁武區中正路133號(仁武區公所)
C0V690,鼓山,高雄市,鼓山區臨海一路61-1號(鼓山消防分隊)
C0V700,三民,高雄市,三民區十全一路88號(十全消防分隊)
C0V710,苓雅,高雄市,苓雅區三多一路162號(苓雅消防分隊)
C0V720,林園,高雄市,林園區林園北路179號(林園區公所)
C0V730,大寮,高雄市,大寮區鳳林三路492號(大寮區公所)
C0V740,旗山,高雄市,旗山區延平一路499號(旗山區公所)
C0V750,路竹,高雄市,路竹區國昌路76號(路竹區公所)
C0V760,橋頭,高雄市,橋頭區隆豐路1號(橋頭區公所)
C0V770,大社,高雄市,大社區自強街1號(大社區公所)
C0V790,萬山,高雄市,茂林區萬山段710地號
C0V800,六龜,高雄市,六龜區民治路9號(六龜消防隊)
C0V810,左營,高雄市,左營區左營大路1號(高雄市立海青高級工商職業學校資訊大樓樓頂)
C0V820,小林,高雄市,甲仙區五里路24-2號（小林國小）
C0V840,鳳鼻頭,高雄市,小港區南星路107號
C0V850,蚵仔寮,高雄市,梓官區信蚵里廣澤路100號
C0V860,南寮,高雄市,彌陀區南寮里漁港1街62號
C0V870,文安,高雄市,彌陀區舊港橫路87號
C0V880,興達,高雄市,茄萣區順漁路100號
C0V890,前鎮,高雄市,前鎮區漁港北二路5號
C0V900,汕尾,高雄市,林園區
C0W110,東莒,連江縣,莒光鄉福正村1號(福正抽水機房，莒光遊客中心後方)
C0W120,西嶼,澎湖縣,西嶼鄉195號(西嶼燈塔西方)
C0W130,花嶼,澎湖縣,望安鄉花嶼村2號(花嶼國民小學)
C0W140,金沙,金門縣,金沙鎮環島北路四段465號(金門縣自來水廠榮湖淨水場)
C0W150,金寧,金門縣,金寧鄉頂林路315號(金門縣消防局)
C0W160,烏坵,金門縣,烏坵鄉
C0W180,七美,澎湖縣,雙心石滬風景區
C0W190,望安,澎湖縣,天台山風景區
C0W200,湖西,澎湖縣,摩西分海風景區
,,,
C0W220,北竿,連江縣,連江縣北竿鄉?里村1-1號
C0X050,東河,臺南市,東山區東河里54號(東河水利工作站)
C0X060,下營,臺南市,下營區仁里里下營國小附近
C0X080,佳里,臺南市,佳里區西方之埔尾，近七股區之篤加
C0X100,臺南市北區,臺南市,北區文賢路678號(和緯消防分隊)
C0X110,臺南市南區,臺南市,南區明興路2號(南區區公所)
C0X120,麻豆,臺南市,麻豆區興國路9號(麻豆消防分隊5樓頂)
C0X130,官田,臺南市,官田區中山路一段132號(官田區公所)
C0X140,西港,臺南市,西港區中山路450號(西港消防分隊4樓頂)
C0X150,安定,臺南市,安定區南安里33-11號(安定消防分隊)
C0X160,仁德,臺南市,仁德區仁義路432號(仁德消防分隊)
C0X170,關廟,臺南市,關廟區中正路998號(關廟區公所3樓頂)
C0X180,山上,臺南市,山上區豐德里隙子口5之1號(中油豐德供油中心2樓頂)
C0X190,安平,臺南市,安平區城平路2號(台江國家公園管理處)
C0X200,左鎮,臺南市,左鎮區中正里171號之4(左鎮區公所)
C0X210,白河,臺南市,白河區中山路6號(白河消防分隊)
C0X220,學甲,臺南市,學甲區華宗路313號(學甲區公所)
C0X230,鹽水,臺南市,鹽水區竹埔里1號(竹埔派出所)
C0X240,關子嶺,臺南市,白河區關嶺里94-3號(仙草國小關嶺分校)
C0X250,新營,臺南市,新營區中正路30號(南瀛親子館)
C0X260,後壁,臺南市,後壁區後壁里129號(後壁圖書館)
C0X280,將軍,臺南市,將軍區將貴里58號(將軍國小)
C0X290,北門,臺南市,北門區北門里舊埕108號(北門區公所)
C0X300,鹿寮,臺南市,白河區崎內里12號(鹿寮水庫)
C0X310,七股,臺南市,七股區鹽埕237-11號(氣象署七股雷達站區內)
C0X320,柳營,臺南市,臺南市柳營區國道3號北上324.7K處
C0Z020,明里,花蓮縣,富里鄉明里村明里社區後方山上
C0Z050,佳心,花蓮縣,卓溪鄉佳心(玉山國家公園內，距花蓮卓溪鄉南安遊客步行2.5時之日據時代派出所舊址)
C0Z061,玉里,花蓮縣,玉里鎮樂合里新民41號(樂合國小)
C0Z070,舞鶴,花蓮縣,瑞穗鄉舞鶴村加納納山三角點旁
C0Z080,富源,花蓮縣,光復鄉大豐村9鄰265號(富源國中對面之半山腰上)
C0Z100,東華,花蓮縣,壽豐鄉大學路二段1號（國立東華大學）
C0Z150,吉安光華,花蓮縣,吉安鄉南濱路一段531號(水資源回收中心)
C0Z160,鳳林,花蓮縣,鳳林鎮信義路200號(鳳林地政事務所)
C0Z170,卓溪,花蓮縣,卓溪鄉卓溪村中正67號(花蓮縣卓溪鄉公所樓頂)
C0Z180,新城,花蓮縣,新城鄉大漢村光復路570號(新城鄉公所)
C0Z190,富世,花蓮縣,秀林鄉富世村127號(富世國小校園內)
C0Z200,萬榮,花蓮縣,鳳林鎮長橋里長橋路2號(長橋國小)
C0Z210,瑞穗,花蓮縣,瑞穗鄉鶴岡村167號(鶴岡國小)
C0Z220,和平林道,花蓮縣,秀林鄉臺電公司東部發電廠碧海機組廠區內(進入管制哨約7公里處)
C0Z230,和平,花蓮縣,秀林鄉克來寶段399地號(和平工業港安檢所綠洲分隊)
C0Z250,瑞穗林道,花蓮縣,卓溪鄉瑞穗林道約7.5K瑞欣礦區下方空地
C0Z270,蕃薯寮,花蓮縣,壽豐鄉水璉村蕃薯寮附近山區道路旁(牛山段607地號內)
C0Z280,德武,花蓮縣,玉里鎮德武里附近山區道路旁(德武段680地號內)
C0Z290,赤柯山,花蓮縣,玉里鎮赤柯山段338地號
C0Z300,東里,花蓮縣,富里鄉東里村大莊路52號(東里消防分隊)
C0Z310,清水斷崖,花蓮縣,秀林鄉臺9線大清水遊憩區下方空地
C0Z320,清水林道,花蓮縣,卓溪鄉清水林道北側山區(新生段1地號)
C0Z330,安通山,花蓮縣,玉里鎮安通產業道路附近山區
C1A630,下盆,新北市,烏來區東勢溪中游(步行一小時)
C1A750,石碇服務區,新北市,新北市石碇區文山路一段2號
C1A760,坪林交控,新北市,新北市坪林區坪雙路一段52號
C1A9N0,四十份,新北市,新店區北宜路旁(文山事業區第四林班)
C1AC50,關渡,臺北市,北投區學園路2號(臺北城市科技大學校園內5樓頂)
C1AI50,國三N016K,臺北市,國道3號北向16.51K
C1AI60,國一N039K,新北市,國道1號北向39.32K
C1C510,水尾,桃園市,楊梅區豐野里1鄰151號(富崗水尾工作站內)
C1D380,新埔,新竹縣,新埔鎮下寮里43號義民廟右方路旁
C1D400,鳥嘴山,新竹縣,尖石鄉新樂村復興礦場
C1D410,白蘭,新竹縣,五峰鄉桃山村
C1D420,太閣南,新竹縣,五峰鄉羅山工作站後方山頂羅山瞭望台旁
C1D630,飛鳳山,新竹縣,芎林鄉王爺坑段83-7號地
C1D640,外坪(五指山),新竹縣,北埔鄉大坪段內大坪小段36-54號地
C1E451,象鼻,苗栗縣,泰安鄉象鼻村
C1E461,松安,苗栗縣,泰安鄉雪霸國家公園二本松解說站旁
C1E480,鳳美,苗栗縣,南庄鄉東河村24鄰石門1號(南庄往鹿場途中)
C1E511,新開,苗栗縣,大湖鄉新開村新開4鄰20號旁
C1E601,南勢,苗栗縣,後龍鎮南港里南勢山
C1E670,南礦,苗栗縣,南庄鄉蓬萊林道末端(南庄事業區18林班地)
C1E681,南勢山,苗栗縣,泰安鄉大興村(從泰安國小進入站址車程約10分鐘)
C1E691,南湖,苗栗縣,大湖鄉(位於南湖台3線135k處之吊樑道山上)
C1E701,八卦,苗栗縣,泰安鄉(與八卦派出所相距約1.2k處)
C1E711,馬拉邦山,苗栗縣,大湖鄉東興村(馬拉邦山登山口)
C1E721,泰安,苗栗縣,泰安鄉橫龍古道上(走路約5分鐘)之大湖事業區18林班地
C1E770,公館,苗栗縣,公館鄉鶴岡村178號(鶴岡國中)
C1E890,國三N149K,苗栗縣,國道3號北向149K
C1E900,國一N128K,苗栗縣,國道1號北向128K
C1F871,上谷關,臺中市,和平區(博愛國小谷關分校附近)
C1F891,稍來,臺中市,和平區八仙山事業區49林班地船型山苗圃廢棄觀測坪附近
C1F911,新伯公,臺中市,東勢區詒福段163地號(台電公司門前右前方)
C1F941,雪嶺,臺中市,和平區雪嶺地區八仙山事業區60林班地小雪山莊後方水塔後山頂
C1F9B1,桐林,臺中市,霧峰區桐林里民生路(桐林國小斜對面)
C1F9C1,白冷,臺中市,和平區天輪里天輪巷42號(臺中市和平區白冷國民小學校園內)
C1F9D1,白毛台,臺中市,新社區福興里福民路13號旁
C1F9E1,龍安,臺中市,新社區中和里內(距龍安橋約1.2k處)
C1F9F1,伯公龍,臺中市,東勢區勢林街(宏覺寺旁)
C1F9G1,慶福山,臺中市,東勢區(台8線10.5k往馬鞍農場方向.車程約半小時)
C1F9J1,清水林,臺中市,太平區136縣道9.5k處旁約500公尺
C1F9W0,德基,臺中市,和平區台8甲線69-70k處，彎入勝利路接翠巒產業道路約6.2km，路邊白色水塔旁
C1G691,下水埔,彰化縣,溪州鄉大莊國小(大庄村中橫巷1號)
C1G9D0,國一S218K,彰化縣,國道1號南向218.3K
C1H000,翠峰,南投縣,仁愛鄉翠峰段30地號東側旁(臺14甲線19-19.5k處的長途通信機房旁)
C1H840,國三N238K,南投縣,國道3號北向238.2K
C1H860,瑞岩,南投縣,仁愛鄉
C1H900,清流,南投縣,仁愛鄉互助村
C1H920,長豐,南投縣,國姓鄉長豐村東二巷71號(仙徠山莊內)
C1H941,雙冬,南投縣,草屯鎮雙冬里
C1H971,六分寮,南投縣,南投市鳳鳴里八卦路831號(南投縣政府消防局第一大隊鳳鳴分隊)
C1H9B1,阿眉,南投縣,仁愛鄉(水利局雨量站旁)
C1I020,萬大,南投縣,仁愛鄉親愛村萬大水庫宿舍旁
C1I030,武界,南投縣,仁愛鄉法治村
C1I050,丹大,南投縣,信義鄉丹大事業區第十七林班地(瞭望台旁)
C1I070,和社,南投縣,信義鄉中橫同富村同和巷47號和社分社觀測坪內
C1I101,溪頭,南投縣,鹿谷鄉內湖村森林巷溪頭林營區(鳳凰山瞭望台旁)
C1I121,大鞍,南投縣,竹山鎮樟空倫山之三角點附近
C1I131,桶頭,南投縣,竹山鎮鯉南路338號旁
C1I140,卡奈托灣,南投縣,信義鄉丹大事業區第16林班地
C1I150,青雲,南投縣,信義鄉地利村5鄰開信巷98-3號旁
C1I201,中心崙,南投縣,竹山鎮之中心崙林道4.1km處
C1I211,蘆竹湳,南投縣,中寮鄉清水村龍林巷4鄰58之6號旁
C1I220,樟湖,南投縣,國姓鄉147縣道9km處與站址直線距離約1.6km
C1I230,九份二山,南投縣,國姓鄉南港村九份二山上(921地震紀念公園內)
C1I240,外大坪,南投縣,埔里鎮種瓜路(投68)路口至站址車程約20分鐘
C1I250,鯉潭,南投縣,埔里鎮埔里高工旁中心路2km處
C1I260,北坑,南投縣,埔里鎮麒麟里4鄰武界路31號旁
C1I280,埔中,南投縣,名間鄉埔中村11之3號後面
C1I290,豐丘,南投縣,信義鄉豐丘村豐丘產業道路末端
C1I310,西巒,南投縣,信義鄉台21線道之人倫林道9.5k處
C1I320,奧萬大,南投縣,仁愛鄉奧萬大森林遊樂區內(員工宿舍)
C1I330,楓樹林,南投縣,仁愛鄉埔里事業區107林班地(臺14線近埔里市區)
C1I340,新興橋,南投縣,信義鄉臺21線新興橋附近
C1I400,凌霄,南投縣,仁愛鄉守城段4地號
C1I430,翠華,南投縣,仁愛鄉翠華村華岡段70地號內
C1I440,新高口,南投縣,信義鄉新高口(臺18線約107.5k處路旁，對高岳營林區第31林班446號林地內)
C1I450,望鄉山,南投縣,信義鄉巒大事業區第131林班內(郡大林道約32K附近，望鄉山三角點旁)
C1I470,杉林溪,南投縣,竹山鎮大鞍里(杉林溪森林生態渡假園區收費亭附近，向欣谷碑旁)
C1I500,大尖山,南投縣,仁愛鄉大尖山
C1I510,線浸林道,南投縣,鹿谷鄉線浸林道11k附近
C1I550,國六W023K,南投縣,國道6號西向23.7K
C1K540,口湖,雲林縣,口湖鄉口湖村中正路一段280號(口湖消防分隊)
C1M390,龍美,嘉義縣,番路鄉公興村隆美地區(舊地名為瀨頭)私人茶園內
C1M400,菜瓜坪,嘉義縣,大埔鄉西興村
C1M480,獨立山,嘉義縣,竹崎鄉(獨立山三角點旁)
C1M600,頭凍,嘉義縣,番路鄉阿里山公路23k處轉入興社產業道路盡頭
C1M610,石磐龍,嘉義縣,竹崎鄉光華村
C1M620,瑞里,嘉義縣,梅山鄉瑞里派出所旁小路至站址(公墓旁)車程約10分鐘
C1M640,十字,嘉義縣,阿里山鄉十字村16號（十字國小樓頂）
C1M870,國三N285K,嘉義縣,國道3號北向285K
C1N001,沙崙,臺南市,歸仁區沙崙里184號北沙崙農場
C1O850,環湖,臺南市,大內區頭社里10號(大內國小鳴頭分校內)
C1O870,大棟山,臺南市,白河區大棟山三角點
C1O880,關山,臺南市,南化區關山里西阿里關83號(瑞峰國小附近)
C1O921,楠西,臺南市,楠西區中興路107號(楠西國民中學內)
C1O940,東山服務區,臺南市,國道3號北向319.9K
C1R110,口社,屏東縣,三地門鄉口社村5鄰信義巷58-5號
C1R120,上德文,屏東縣,三地門鄉德文村口之公墓旁
C1R250,力里,屏東縣,春日鄉七佳村自強一路92號(力里國民小學內)
C1R290,石門山,屏東縣,牡丹鄉石門古戰場(恆春事業區29林班地)
C1R610,西大武山,屏東縣,泰武鄉北大武山步道2.6k
C1R630,龍泉,屏東縣,內埔鄉大新路109號（屏東縣新生國民小學）
C1S670,摩天,臺東縣,海端鄉(省道臺20線169K福德宮後方)
C1S800,華源,臺東縣,太麻里鄉華源村
C1S820,金峰,臺東縣,金峰鄉嘉蘭村嘉蘭國小旁
C1S850,豐南,花蓮縣,富里鄉豐南村花82縣道盡頭叉路1k旁
C1S860,利嘉,臺東縣,卑南鄉利嘉林道6k附近梅子園
C1S870,南美山,臺東縣,成功鎮南美山產業道路盡頭柑橘園
C1S880,壽卡,臺東縣,達仁鄉(大武事業區第48林班內)電信轉播站後方
C1SA50,利嘉林道,臺東縣,臺東縣卑南鄉利嘉林道17K處
C1SA70,都蘭,臺東縣,東河鄉都蘭村431號(都蘭國民小學教室頂樓)
C1T800,洛韶,花蓮縣,秀林鄉富世村中橫公路洛韶11號旁
C1T810,慈恩,花蓮縣,秀林鄉富世村關原路3號(救國團慈恩山莊)
C1T830,布洛灣,花蓮縣,秀林鄉布洛灣地區(布洛灣遊客中心圓環之廣場旁邊)
C1T920,中興,花蓮縣,壽豐鄉中興大橋橋頭旁
C1T940,大觀,花蓮縣,萬榮鄉(往臺16線過管制哨約12k處)
C1T950,太安,花蓮縣,萬榮鄉太田事業區128林班地(馬太鞍苗圃)
C1T970,大農,花蓮縣,光復鄉花蓮糖廠之大農農場內(大農段691號)
C1T980,龍澗,花蓮縣,秀林鄉龍澗發電廠旁
C1T990,高寮,花蓮縣,玉里鎮觀音里15鄰9號(觀音國民小學校園內)
C1TA00,太魯閣,花蓮縣,秀林鄉富世291號（太魯閣國家公園管理處內）
C1U501,牛鬥,宜蘭縣,大同鄉牛鬥地區
C1U670,寒溪,宜蘭縣,冬山鄉大進村大進七路51號(大進國民小學校園內)
C1U840,東澳嶺,宜蘭縣,南澳鄉
C1U850,觀音海岸,宜蘭縣,南澳鄉之林務局羅東林區管理處和平事業區91林班
C1U920,思源,宜蘭縣,大同鄉與臺中市和平區交界之羅葉尾山步道邊(大甲溪事業區40林班內)
C1U930,粉鳥林,宜蘭縣,宜蘭縣蘇澳鎮東澳里東澳路69號(粉鳥林安檢所樓頂)
C1V160,達卡努瓦,高雄市,那瑪夏區達卡努瓦里
C1V170,排雲,高雄市,桃源區排雲山莊往南峰方向步行約6小時(登山口-8.5k排雲山莊-1.5k測站)
C1V190,南天池,高雄市,桃源區長春祠旁之步道步行約50分鐘
C1V200,梅山,高雄市,桃源區梅山里(梅山口遊客中心旁道路步行約10分鐘)
C1V220,小關山,高雄市,桃源區老濃溪事業區99林班地
C1V231,高中,高雄市,桃源區高中里
C1V300,御油山,高雄市,桃源區農業委員會林業試驗所六龜分所鳳崗山苗圃觀測坪內
C1V340,大津,高雄市,六龜區大津里34號(龍興國小大津分校)
C1V390,尖山,高雄市,燕巢區尖山里尖山巷11之1號(燕巢國小尖山分校)
C1V570,吉東,高雄市,美濃區吉東里吉頂路19號(吉東國小)
C1V580,溪南(特生中心),高雄市,桃源區石山林道7k(特有生物研究保育中心中海拔試驗站)
C1V590,新發,高雄市,六龜區旗山事業區61林班地
C1V600,藤枝,高雄市,桃源區藤枝森林遊樂區遊客中心
C1V780,多納林道,高雄市,茂林區多納林道9k(林試所六龜研究中心多納苗圃)
C1V830,國三S383K,高雄市,燕巢區國道3號南向383K
C1X040,東原,臺南市,東山區高原里4鄰31號後方果園
C1Z030,紅葉,花蓮縣,萬榮鄉紅葉村教堂附近
C1Z040,立山,花蓮縣,卓溪鄉立山村後山上
C1Z110,三棧,花蓮縣,秀林鄉雙露山
C1Z120,壽豐,花蓮縣,壽豐鄉壽豐村壽山路37號(壽豐鄉文康中心)
C1Z130,銅門,花蓮縣,秀林鄉銅門村69號(銅門國小)
C1Z140,荖溪,花蓮縣,秀林鄉
C1Z240,中平林道,花蓮縣,卓溪鄉中平林道(玉里林道)約15K鐵牌處步行上山高地
12J990,口湖工作站,雲林縣,口湖鄉口湖村成功路180號
12Q970,東港工作站,屏東縣,東港鎮興東里興東路65-18號
12Q980,恆春工作站,屏東縣,車城鄉田中村中山路166號
42HA10,萬大發電廠,南投縣,仁愛鄉親愛村大安路1號
72AI40,桃改樹林分場,新北市,樹林區佳園路三段253號
72C440,桃園農改場,桃園市,新屋區後庄里16號
72D080,桃改五峰分場,新竹縣,五峰鄉竹林村羅山11號
72D680,桃改新埔分場,新竹縣,新埔鎮義民路一段286巷133弄25號
72G600,臺中農改場,彰化縣,大村鄉田洋村松槐路370號
72HA00,中改埔里分場,南投縣,魚池鄉共和村五馬巷11-1號
72K220,南改斗南分場,雲林縣,斗南鎮復興路1-15號
72M360,南改義竹分場,嘉義縣,義竹鄉中平村中庄84號
72M700,南改鹿草分場,嘉義縣,鹿草鄉豐稠村農改場1號
72N100,臺南農改場,臺南市,新化區牧場70號
72N240,七股研究中心,臺南市,七股區十份里海埔48號
72Q010,高雄農改場,屏東縣,長治鄉德和村德和路2-6號
72S200,東改班鳩分場,臺東縣,卑南鄉美農村17號
72S590,東改賓朗果園,臺東縣,卑南鄉賓朗村改良場路36號
72T250,花蓮農改場,花蓮縣,吉安鄉吉安村吉安路二段150號
72U480,花改蘭陽分場,宜蘭縣,三星鄉大義村上將三段81巷6號
72V140,高改旗南分場,高雄市,旗山區廣福段213號
82A750,茶改北部分場,新北市,石碇區格頭村北宜路五段12號
82C160,茶改場,桃園市,楊梅區金龍里中興路324號
82H320,茶改中部分場,南投縣,魚池鄉中山路270巷13號
82H840,茶改南部分場,南投縣,鹿谷鄉初鄉村仁愛路255號
82S580,茶改東部分場,臺東縣,鹿野鄉龍田村北二路66號
A2C560,農工中心,桃園市,中壢區中園路196之1號
A2K360,水試臺西試驗場,雲林縣,臺西鄉中央路271號
A2K630,臺大雲林校區,雲林縣,虎尾鎮學府西路8號(臺大雲林分部鋤禾館)
A2N290,臺南蘭花園區,臺南市,後壁區13鄰烏樹里325號
B2E890,畜試北區分所,苗栗縣,西湖鄉五湖村埤頭面207-5號
B2N890,畜產試驗所,臺南市,新化區那菝里牧場112號
B2Q810,畜試南區分所,屏東縣,恆春鎮墾丁里牧場路1號
B2U990,畜試東區分所,宜蘭縣,五結鄉季水路28之1號
C2E520,大湖,苗栗縣,苗栗縣大湖鄉大寮村5鄰竹高屋34-1號附近
C2E540,後龍,苗栗縣,苗栗縣後龍鎮後龍溪橋旁高地
C2E880,三義,苗栗縣,苗栗縣三義鄉130縣道13.5K附近(慈濟山茶園內)
C2F000,大肚,臺中市,臺中市大肚區瑞井里遊園路一段2號(臺中區監理所內)
C2F930,大甲,臺中市,臺中市大甲區開元路71號(大甲高級工業職業學校內)
C2F9A0,中竹林,臺中市,臺中市太平區長龍路中埔二號橋至站址直線距離約1.7km
C2FA00,烏石坑,臺中市,臺中市和平區東崎路2段烏石巷109號
C2G640,鹿港,彰化縣,彰化縣鹿港鎮海埔里顏厝巷67號
C2G840,北斗,彰化縣,彰化縣北斗鎮斗苑路二段150號(螺陽國小)
C2G870,芳苑,彰化縣,彰化縣芳苑鄉仁愛村斗苑路芳苑段211號(芳苑國中)
C2H950,中寮,南投縣,南投縣中寮鄉復興村初中巷50號(中寮國中校園內)
C2I090,鳳凰,南投縣,南投縣鹿谷鄉鳳凰鳥園旁
C2K240,草嶺,雲林縣,雲林縣古坑鄉草嶺村龍頭
C2M410,馬頭山,嘉義縣,嘉義縣大埔鄉永樂村一鄰內灣仔2號
C2O810,曾文,臺南市,臺南市楠西區曾文新村(曾文水庫管理局內)
C2O930,玉井,臺南市,臺南市玉井區台灣糖業公司玉井糖廠
C2O950,安南,臺南市,臺南市安南區公學路6段589號(學東國民小學內)
C2V250,甲仙,高雄市,高雄市甲仙區(甲仙國民中學操場後方小山丘上)
C2V260,月眉,高雄市,高雄市杉林區月眉里山仙路1號月眉農場(杉林區月眉段2181號)
C2W230,畜試所澎湖,澎湖縣,澎湖縣西嶼鄉竹灣村235號
CAG100,王功漁港,彰化縣,芳苑鄉漁港路900號
CAH030,茶改場竹圍站,南投縣,名間鄉竹圍巷46-7號
CAJ050,海口故事園區,雲林縣,口湖鄉新港綠化公園旁
CAL110,布袋國中,嘉義縣,布袋鎮光復里六棟寮40號
CAN130,水試所海水繁養殖中心,臺南市,七股區三股里海埔4號
CAN140,六官養殖協會,臺南市,菁埔段1085號
CAQ030,崎峰國小,屏東縣,林邊鄉裕後路2號
E2H360,蓮華池,南投縣,魚池鄉五城村華龍巷43號
E2HA20,林試畢祿溪站,南投縣,仁愛鄉台8線公路102KM+200公尺(102.3K左右的畢綠溪入口)
E2K600,四湖植物園,雲林縣,四湖鄉中華路62巷80號
E2P980,林試六龜中心,高雄市,六龜區中興里中庄198號
E2P990,林試扇平站,高雄市,茂林區茂林巷125號
E2S960,林試太麻里2,臺東縣,太麻里鄉太麻里街575號旁小路
E2S980,林試太麻里1,臺東縣,太麻里鄉大王村19鄰橋頭6號
G2AI50,關渡,台北市,北投區承德路七段401巷551號旁農地
G2F820,農試所(霧峰),臺中市,霧峰區萬豐村中正路189號
G2L020,農試嘉義分所,嘉義市,民權路2號
G2M350,農試溪口農場,嘉義縣,溪口鄉妙崙村下崙路1之20號(靠近柳溝國小)
G2P820,農試鳳山分所,高雄市,鳳山區文龍東路530號
K2E360,苗栗農改場,苗栗縣,公館鄉館南村261號
K2E710,苗改生物防治研究中心,苗栗縣,大湖鄉民族路42號
K2F750,種苗改良場,臺中市,新社區興中街46號
U2H480,溪頭,南投縣,鹿谷鄉內湖村森林巷9號
U2HA30,臺大和社,南投縣,信義鄉同富村同和巷47號
U2HA40,臺大內茅埔,南投縣,信義鄉自強村綠美巷13號
U2HA50,臺大竹山,南投縣,竹山鎮前山路一段12號
V2C250,八德合作社,桃園市,八德區魚池街
V2C260,八德蔬果,桃園市,八德區茄苳路197號
V2K610,大庄合作社,雲林縣,二崙鄉大庄村酒姑路1號
V2K620,麥寮合作社,雲林縣,麥寮鄉山寮段271
